,n_atoms,n_C,n_N,n_O,n_H
0,6,4,1,1,5
1,7,5,1,1,7
2,24,22,0,2,16
3,6,4,0,2,4
4,12,10,0,2,8
5,6,4,0,2,4
6,7,6,0,1,10
7,6,5,0,1,6
8,7,6,0,1,8
9,11,8,1,2,9
10,10,7,1,2,7
11,9,9,0,0,16
12,11,10,0,1,16
13,10,10,0,0,18
14,12,11,0,1,18
15,11,11,0,0,20
16,12,12,0,0,22
17,8,7,0,1,10
18,12,11,0,1,12
19,6,5,0,1,8
20,7,6,0,1,10
21,8,7,0,1,12
22,11,8,0,3,12
23,12,9,0,3,14
24,9,7,0,2,10
25,10,8,0,2,12
26,9,7,0,2,10
27,10,8,0,2,12
28,11,9,0,2,12
29,10,8,0,2,10
30,3,2,0,1,4
31,9,8,0,1,8
32,5,4,0,1,8
33,5,4,0,1,8
34,6,5,0,1,10
35,11,10,0,1,12
36,9,8,0,1,8
37,10,9,0,1,10
38,15,14,0,1,12
39,15,14,0,1,12
40,11,9,0,2,10
41,10,9,0,1,8
42,10,9,0,1,8
43,5,4,0,1,8
44,15,14,0,1,10
45,16,15,0,1,12
46,21,20,0,1,14
47,9,4,2,3,4
48,10,5,2,3,6
49,11,6,2,3,8
50,12,7,2,3,10
51,15,10,2,3,8
52,10,8,0,2,12
53,12,10,0,2,16
54,17,15,0,2,10
55,12,10,0,2,8
56,23,21,0,2,16
57,9,7,1,1,13
58,17,12,2,3,12
59,18,13,2,3,14
60,17,15,1,1,17
61,21,19,1,1,17
62,18,16,1,1,19
63,6,4,2,0,6
64,11,9,2,0,8
65,12,10,2,0,10
66,11,9,1,1,7
67,12,10,1,1,9
68,12,7,1,4,9
69,4,3,0,1,6
70,6,5,0,1,10
71,7,6,0,1,12
72,7,6,0,1,10
73,11,10,0,1,10
74,6,5,0,1,8
75,11,9,0,2,10
76,12,8,1,3,7
77,14,12,0,2,10
78,15,13,1,1,11
79,15,13,1,1,11
80,15,13,1,1,11
81,15,12,2,1,10
82,14,11,0,3,12
83,15,13,1,1,11
84,15,13,1,1,11
85,15,13,1,1,11
86,15,12,2,1,10
87,14,12,1,1,11
88,19,16,2,1,12
89,17,13,1,3,11
90,19,17,1,1,13
91,19,15,1,3,15
92,10,8,1,1,9
93,17,11,3,3,11
94,13,11,1,1,15
95,6,4,0,2,8
96,5,3,0,2,6
97,4,2,1,1,5
98,5,3,1,1,7
99,11,8,0,3,8
100,12,9,1,2,7
101,8,6,0,2,6
102,12,10,0,2,8
103,8,5,0,3,8
104,8,5,1,2,5
105,6,4,0,2,6
106,8,6,0,2,8
107,9,7,0,2,6
108,8,6,0,2,8
109,7,5,0,2,6
110,8,5,0,3,6
111,11,9,0,2,6
112,7,4,0,3,4
113,7,4,0,3,4
114,9,6,0,3,8
115,9,6,1,2,9
116,8,7,0,1,12
117,8,7,0,1,8
118,7,6,0,1,6
119,7,6,0,1,6
120,11,10,0,1,8
121,11,10,0,1,8
122,15,14,0,1,10
123,23,22,0,1,14
124,11,8,1,2,7
125,17,14,2,1,20
126,9,7,1,1,13
127,13,11,1,1,19
128,10,8,1,1,13
129,8,5,1,2,5
130,10,8,0,2,6
131,16,14,0,2,10
132,10,8,0,2,6
133,10,8,1,1,7
134,6,4,0,2,4
135,6,4,1,1,5
136,7,5,1,1,7
137,10,8,0,2,6
138,10,8,1,1,7
139,11,9,1,1,9
140,18,15,1,2,11
141,8,5,1,2,7
142,10,7,2,1,12
143,19,16,2,1,14
144,8,5,2,1,8
145,10,7,2,1,12
146,18,15,1,2,11
147,8,5,1,2,7
148,9,6,2,1,10
149,7,3,3,1,5
150,7,3,3,1,5
151,8,5,1,2,7
152,8,4,3,1,7
153,12,11,0,1,14
154,16,14,0,2,10
155,7,6,1,0,11
156,6,5,1,0,9
157,11,10,1,0,13
158,11,9,2,0,12
159,18,15,2,1,12
160,11,10,1,0,11
161,16,12,4,0,12
162,18,13,4,1,14
163,7,5,1,1,9
164,9,5,3,1,7
165,9,7,1,1,11
166,8,5,1,2,9
167,8,5,2,1,12
168,7,6,1,0,7
169,7,6,1,0,11
170,7,6,1,0,7
171,7,6,1,0,9
172,11,10,1,0,9
173,11,10,1,0,11
174,11,10,1,0,9
175,11,10,1,0,11
176,5,4,1,0,5
177,9,8,1,0,7
178,12,10,1,1,11
179,12,10,2,0,12
180,13,11,2,0,14
181,10,8,2,0,8
182,11,9,2,0,10
183,6,4,2,0,6
184,8,6,2,0,6
185,16,14,2,0,10
186,12,8,4,0,6
187,13,12,1,0,9
188,11,7,3,1,7
189,14,10,2,2,8
190,15,11,2,2,10
191,7,6,1,0,7
192,15,14,1,0,11
193,11,9,2,0,8
194,7,5,1,1,7
195,16,14,2,0,12
196,8,4,4,0,8
197,3,2,1,0,5
198,3,1,1,1,3
199,3,1,1,1,3
200,3,1,1,1,3
201,4,1,1,2,3
202,4,0,2,2,2
203,6,4,2,0,10
204,11,9,2,0,12
205,8,6,2,0,14
206,8,6,2,0,14
207,10,7,3,0,9
208,5,3,1,1,7
209,5,2,1,2,5
210,6,3,1,2,7
211,7,4,1,2,9
212,7,4,1,2,9
213,11,8,1,2,9
214,10,7,1,2,13
215,5,1,2,2,4
216,5,4,1,0,7
217,10,6,4,0,2
218,8,5,2,1,4
219,4,2,2,0,4
220,14,10,3,1,15
221,13,10,3,0,15
222,15,9,4,2,12
223,12,9,3,0,13
224,7,5,0,2,8
225,6,2,1,3,3
226,6,2,2,2,4
227,6,2,1,3,3
228,6,2,2,2,4
229,4,3,1,0,7
230,8,6,0,2,8
231,8,6,2,0,10
232,10,6,0,4,8
233,11,7,0,4,12
234,11,5,4,2,4
235,8,5,0,3,6
236,8,5,0,3,6
237,8,5,0,3,6
238,19,15,0,4,10
239,14,10,0,4,6
240,9,6,0,3,6
241,13,10,0,3,8
242,9,6,0,3,6
243,13,9,0,4,10
244,15,11,0,4,8
245,12,8,0,4,8
246,15,9,0,6,8
247,12,8,0,4,8
248,8,5,1,2,5
249,8,5,1,2,5
250,13,8,1,4,9
251,10,6,2,2,4
252,12,7,1,4,7
253,12,9,1,2,7
254,7,5,0,2,6
255,7,5,0,2,4
256,11,9,0,2,6
257,7,4,0,3,4
258,8,5,1,2,7
259,9,5,0,4,6
260,19,15,2,2,12
261,38,30,4,4,22
262,9,5,0,4,4
263,10,6,0,4,6
264,11,7,0,4,8
265,11,7,0,4,8
266,13,8,0,5,10
267,13,8,0,5,10
268,10,6,1,3,7
269,10,6,1,3,7
270,17,13,1,3,13
271,10,4,1,5,3
272,10,4,1,5,3
273,11,7,0,4,6
274,11,7,0,4,8
275,14,9,0,5,12
276,13,9,1,3,13
277,13,9,1,3,13
278,13,8,1,4,9
279,13,8,1,4,9
280,22,17,2,3,14
281,12,9,0,3,12
282,9,6,0,3,6
283,10,7,0,3,6
284,14,11,0,3,8
285,8,5,0,3,4
286,12,8,0,4,8
287,14,9,1,4,5
288,11,7,1,3,9
289,13,10,1,2,9
290,9,6,0,3,6
291,13,10,0,3,8
292,16,13,2,1,10
293,16,12,2,2,8
294,18,15,0,3,10
295,20,15,0,5,10
296,13,8,2,3,8
297,10,6,1,3,7
298,9,6,0,3,6
299,8,5,0,3,4
300,15,10,2,3,10
301,12,8,3,1,5
302,12,7,1,4,9
303,10,6,2,2,8
304,10,6,1,3,7
305,12,7,2,3,10
306,10,5,1,4,5
307,11,7,2,2,10
308,12,10,0,2,10
309,15,10,1,4,9
310,14,11,0,3,12
311,10,7,0,3,10
312,20,17,0,3,14
313,10,7,0,3,10
314,12,8,1,3,7
315,9,6,0,3,10
316,13,9,1,3,9
317,11,8,0,3,10
318,6,4,0,2,6
319,13,11,0,2,12
320,14,7,3,4,13
321,10,7,0,3,10
322,15,12,0,3,12
323,12,8,0,4,12
324,9,6,0,3,8
325,14,12,0,2,18
326,13,9,1,3,7
327,10,6,1,3,9
328,9,5,1,3,7
329,8,5,1,2,7
330,9,7,1,1,9
331,8,6,1,1,7
332,11,7,0,4,10
333,14,10,0,4,14
334,7,3,3,1,5
335,7,5,2,0,8
336,11,9,2,0,8
337,9,6,2,1,10
338,6,3,3,0,5
339,9,7,2,0,6
340,6,4,2,0,6
341,10,6,2,2,10
342,10,8,2,0,14
343,14,12,2,0,14
344,9,7,2,0,12
345,6,4,2,0,6
346,6,4,2,0,6
347,6,4,2,0,6
348,6,4,2,0,6
349,6,4,2,0,6
350,7,5,1,1,7
351,6,4,1,1,5
352,10,8,1,1,7
353,12,9,3,0,9
354,6,3,2,1,4
355,11,8,1,2,7
356,7,5,2,0,6
357,8,5,3,0,7
358,10,7,2,1,8
359,15,12,2,1,10
360,10,5,3,2,5
361,11,9,2,0,8
362,21,18,3,0,19
363,21,18,3,0,13
364,7,4,3,0,5
365,11,8,3,0,7
366,7,5,1,1,5
367,15,13,2,0,10
368,12,10,2,0,20
369,22,20,2,0,24
370,20,16,3,1,17
371,10,7,3,0,15
372,20,15,4,1,16
373,23,18,4,1,20
374,23,18,4,1,16
375,21,16,4,1,14
376,24,18,4,2,16
377,25,17,5,3,17
378,25,15,7,3,11
379,26,16,7,3,13
380,24,15,6,3,14
381,30,19,9,2,17
382,32,20,8,4,20
383,10,7,2,1,8
384,16,13,3,0,13
385,19,16,3,0,13
386,23,20,3,0,15
387,19,16,3,0,13
388,22,18,3,1,17
389,21,16,3,2,13
390,21,16,3,2,13
391,8,6,1,1,9
392,8,6,1,1,9
393,8,6,1,1,9
394,7,5,1,1,9
395,13,10,2,1,10
396,13,10,2,1,10
397,13,10,2,1,10
398,17,15,1,1,17
399,15,13,1,1,11
400,15,13,1,1,11
401,19,17,1,1,13
402,19,17,1,1,13
403,19,17,1,1,13
404,15,13,1,1,11
405,15,13,1,1,11
406,19,17,1,1,13
407,19,17,1,1,13
408,10,8,1,1,13
409,10,8,1,1,13
410,15,12,2,1,14
411,17,14,2,1,18
412,13,10,2,1,10
413,8,5,2,1,6
414,13,9,3,1,9
415,13,9,3,1,9
416,13,8,4,1,8
417,13,7,5,1,9
418,13,7,5,1,9
419,8,5,2,1,8
420,15,13,1,1,9
421,15,13,1,1,9
422,15,12,2,1,8
423,18,15,2,1,14
424,16,12,2,2,8
425,25,19,4,2,18
426,25,19,5,1,15
427,10,7,2,1,6
428,16,13,2,1,16
429,12,9,1,2,15
430,10,7,1,2,9
431,8,4,2,2,6
432,8,4,2,2,6
433,13,9,2,2,8
434,9,5,2,2,8
435,7,3,1,3,3
436,7,5,2,0,8
437,7,5,1,1,5
438,7,5,1,1,7
439,8,5,2,1,6
440,9,7,1,1,9
441,17,11,1,5,13
442,8,5,2,1,6
443,10,5,2,3,4
444,8,6,1,1,7
445,8,6,1,1,7
446,13,11,1,1,9
447,13,11,1,1,9
448,10,7,1,2,7
449,10,7,1,2,7
450,11,7,1,3,7
451,11,7,1,3,7
452,11,7,2,2,8
453,11,7,2,2,8
454,9,6,1,2,7
455,9,6,1,2,7
456,11,7,1,3,7
457,11,7,1,3,7
458,14,11,1,2,9
459,14,11,1,2,9
460,9,6,2,1,4
461,9,6,2,1,4
462,10,5,2,3,4
463,11,9,1,1,7
464,12,10,1,1,9
465,12,10,1,1,9
466,12,9,2,1,8
467,12,9,2,1,8
468,17,15,1,1,11
469,17,15,1,1,11
470,14,11,1,2,11
471,14,11,1,2,11
472,15,11,1,3,9
473,15,11,1,3,9
474,15,11,2,2,12
475,15,11,2,2,12
476,13,10,1,2,9
477,13,10,1,2,9
478,15,11,1,3,9
479,15,11,1,3,9
480,18,15,1,2,11
481,18,15,1,2,11
482,13,10,2,1,6
483,13,10,2,1,6
484,14,9,2,3,6
485,14,9,2,3,6
486,8,5,1,2,5
487,16,13,1,2,9
488,15,13,1,1,9
489,7,4,2,1,4
490,11,8,2,1,6
491,11,8,2,1,6
492,16,12,1,3,11
493,20,17,1,2,15
494,18,12,1,5,15
495,29,23,1,5,21
496,29,21,3,5,19
497,19,15,3,1,11
498,19,15,3,1,11
499,16,12,2,2,8
500,18,14,2,2,12
501,18,14,2,2,12
502,13,12,1,0,11
503,12,9,1,2,11
504,9,7,2,0,6
505,10,6,2,2,6
506,12,9,1,2,11
507,15,13,1,1,11
508,10,6,2,2,6
509,8,6,1,1,11
510,8,6,1,1,11
511,11,7,2,2,14
512,10,6,1,3,11
513,14,10,2,2,20
514,10,6,2,2,12
515,8,4,2,2,8
516,8,5,3,0,9
517,8,5,3,0,9
518,15,8,5,2,11
519,15,7,6,2,10
520,12,9,1,2,13
521,22,17,3,2,15
522,15,11,1,3,9
523,16,12,2,2,12
524,10,7,1,2,11
525,10,7,1,2,11
526,10,6,2,2,8
527,10,4,4,2,10
528,14,8,4,2,10
529,7,4,2,1,8
530,8,4,4,0,4
531,10,6,3,1,7
532,16,10,1,5,15
533,16,10,2,4,16
534,15,9,1,5,13
535,16,13,2,1,12
536,13,7,5,1,11
537,15,9,3,3,9
538,18,12,3,3,15
539,14,10,1,3,11
540,14,10,1,3,11
541,12,7,3,2,9
542,14,12,1,1,11
543,18,14,1,3,13
544,13,11,2,0,8
545,19,16,2,1,12
546,18,13,2,3,12
547,17,12,2,3,12
548,14,11,2,1,8
549,19,13,2,4,12
550,17,12,1,4,11
551,15,11,1,3,9
552,19,13,4,2,12
553,19,12,5,2,11
554,16,13,1,2,13
555,13,11,2,0,8
556,16,12,2,2,12
557,13,10,3,0,7
558,14,11,2,1,10
559,15,11,2,2,10
560,20,16,2,2,12
561,16,11,5,0,7
562,16,10,6,0,6
563,18,12,4,2,10
564,18,11,5,2,9
565,22,17,4,1,12
566,22,16,5,1,11
567,18,13,2,3,14
568,16,12,2,2,12
569,13,8,1,4,11
570,13,8,2,3,12
571,14,11,2,1,10
572,14,10,3,1,9
573,16,14,1,1,13
574,17,9,5,3,9
575,23,20,2,1,14
576,16,10,3,3,13
577,18,12,3,3,11
578,21,14,4,3,12
579,13,7,2,4,8
580,14,10,2,2,8
581,14,10,2,2,8
582,14,9,3,2,7
583,10,5,3,2,5
584,18,15,1,2,13
585,24,20,2,2,16
586,12,9,2,1,8
587,12,9,2,1,8
588,11,8,3,0,5
589,15,12,3,0,7
590,16,13,2,1,10
591,19,15,2,2,14
592,19,13,2,4,16
593,17,11,2,4,12
594,18,12,2,4,14
595,19,13,2,4,16
596,20,14,2,4,18
597,21,17,2,2,22
598,15,10,3,2,13
599,21,14,3,4,19
600,23,15,2,6,18
601,23,15,2,6,18
602,18,12,2,4,14
603,18,12,2,4,14
604,20,14,2,4,14
605,17,12,2,3,10
606,19,17,1,1,13
607,19,17,1,1,13
608,14,12,1,1,11
609,15,13,1,1,11
610,16,14,1,1,15
611,21,19,1,1,17
612,21,19,1,1,17
613,13,10,1,2,9
614,15,10,3,2,13
615,17,11,2,4,12
616,18,12,2,4,12
617,18,14,2,2,16
618,10,5,2,3,6
619,15,11,3,1,11
620,18,14,3,1,11
621,14,9,3,2,7
622,21,16,4,1,14
623,20,15,2,3,10
624,25,18,4,3,16
625,21,16,4,1,14
626,19,16,2,1,12
627,19,16,2,1,12
628,19,16,2,1,12
629,23,20,2,1,26
630,20,16,3,1,13
631,23,20,2,1,14
632,15,12,2,1,8
633,19,15,3,1,11
634,19,16,2,1,12
635,9,6,1,2,5
636,9,6,1,2,5
637,12,6,3,3,3
638,21,15,3,3,11
639,8,4,1,3,3
640,8,4,2,2,4
641,14,9,2,3,6
642,9,4,1,4,3
643,10,5,2,3,4
644,11,8,2,1,6
645,9,4,3,2,7
646,10,5,4,1,6
647,8,6,1,1,9
648,14,12,1,1,13
649,9,6,1,2,9
650,15,12,2,1,14
651,15,13,1,1,13
652,17,14,2,1,12
653,15,13,1,1,9
654,15,13,1,1,19
655,15,13,1,1,15
656,15,13,1,1,11
657,15,13,1,1,15
658,13,11,1,1,13
659,17,15,1,1,15
660,15,13,1,1,13
661,15,13,1,1,15
662,11,9,1,1,11
663,10,7,2,1,8
664,15,12,2,1,10
665,10,7,2,1,12
666,9,6,1,2,9
667,15,13,1,1,11
668,12,10,0,2,8
669,12,10,0,2,14
670,15,10,4,1,8
671,13,8,4,1,6
672,15,11,3,1,9
673,15,10,4,1,10
674,13,9,2,2,10
675,14,10,1,3,9
676,12,9,2,1,12
677,11,8,1,2,13
678,11,9,1,1,11
679,11,8,1,2,11
680,22,18,1,3,15
681,11,8,1,2,5
682,11,8,1,2,7
683,7,4,1,2,5
684,6,4,2,0,6
685,6,4,2,0,6
686,16,14,2,0,12
687,16,14,2,0,12
688,19,15,3,1,11
689,8,4,4,0,8
690,10,6,4,0,12
691,12,8,4,0,8
692,8,2,4,2,2
693,9,2,5,2,3
694,6,2,3,1,3
695,12,8,3,1,7
696,7,4,3,0,7
697,5,1,4,0,2
698,12,7,3,2,5
699,12,7,3,2,5
700,10,5,5,0,5
701,11,7,3,1,7
702,11,7,3,1,7
703,11,6,5,0,7
704,17,12,4,1,10
705,14,12,2,0,12
706,25,19,2,4,20
707,9,6,3,0,5
708,13,6,5,2,7
709,15,10,5,0,9
710,21,17,3,1,13
711,10,4,5,1,3
712,10,8,2,0,8
713,12,7,3,2,5
714,9,5,4,0,4
715,9,4,5,0,3
716,9,6,3,0,5
717,10,5,5,0,5
718,11,5,5,1,5
719,10,5,4,1,4
720,11,6,4,1,6
721,11,5,4,2,4
722,13,7,4,2,8
723,11,6,5,0,7
724,11,6,5,0,7
725,10,7,2,1,6
726,8,3,3,2,3
727,11,9,2,0,8
728,6,3,3,0,5
729,12,7,3,2,5
730,6,4,2,0,6
731,8,3,3,2,3
732,6,3,3,0,5
733,11,9,2,0,8
734,10,6,2,2,8
735,9,6,3,0,7
736,13,9,4,0,8
737,13,10,3,0,9
738,9,5,4,0,6
739,8,3,5,0,3
740,8,3,5,0,3
741,5,3,1,1,7
742,7,5,1,1,9
743,6,4,1,1,7
744,5,4,1,0,7
745,6,5,1,0,9
746,7,5,1,1,7
747,7,5,1,1,7
748,6,4,1,1,5
749,6,4,1,1,5
750,7,5,1,1,5
751,8,6,1,1,7
752,8,6,1,1,7
753,9,6,1,2,7
754,8,5,1,2,5
755,8,5,1,2,5
756,10,5,2,3,4
757,8,5,2,1,6
758,8,5,2,1,6
759,11,9,1,1,7
760,15,13,1,1,9
761,11,9,1,1,7
762,7,4,2,1,4
763,11,8,2,1,6
764,15,8,4,3,8
765,7,4,2,1,4
766,11,8,2,1,6
767,11,8,2,1,6
768,16,11,2,3,10
769,13,6,4,3,4
770,12,9,1,2,7
771,12,9,1,2,7
772,7,4,1,2,7
773,8,4,2,2,8
774,11,8,1,2,5
775,8,4,2,2,4
776,7,3,2,2,4
777,12,8,2,2,6
778,8,5,1,2,7
779,7,4,1,2,5
780,7,4,1,2,3
781,11,8,1,2,5
782,8,3,3,2,3
783,8,3,3,2,3
784,11,8,0,3,10
785,4,1,2,1,4
786,10,5,4,1,4
787,8,4,2,2,4
788,8,4,2,2,4
789,12,8,2,2,6
790,11,5,4,2,4
791,12,8,1,3,5
792,9,3,3,3,3
793,8,3,3,2,3
794,14,8,3,3,13
795,14,7,4,3,6
796,15,8,4,3,8
797,13,9,3,1,9
798,10,6,3,1,5
799,13,9,3,1,9
800,12,8,2,2,6
801,6,1,4,1,2
802,8,5,1,2,7
803,8,5,1,2,7
804,7,4,2,1,6
805,7,4,2,1,6
806,7,4,2,1,6
807,7,4,2,1,6
808,7,4,2,1,6
809,8,5,2,1,8
810,13,10,2,1,10
811,8,5,2,1,8
812,8,5,2,1,8
813,8,4,3,1,7
814,13,9,3,1,9
815,14,10,2,2,10
816,10,6,2,2,8
817,16,11,3,2,11
818,9,6,2,1,10
819,14,11,2,1,12
820,8,5,1,2,7
821,7,3,2,2,4
822,12,9,1,2,7
823,17,12,1,4,11
824,15,11,1,3,11
825,7,3,2,2,4
826,9,5,2,2,8
827,13,9,2,2,8
828,9,5,3,1,7
829,10,5,4,1,8
830,10,5,3,2,7
831,10,7,2,1,6
832,10,7,2,1,6
833,11,8,2,1,8
834,10,7,1,2,5
835,8,4,2,2,8
836,8,4,2,2,6
837,12,8,2,2,6
838,8,4,2,2,4
839,8,4,2,2,4
840,16,10,4,2,6
841,12,8,2,2,6
842,12,8,2,2,6
843,7,2,3,2,3
844,7,2,3,2,3
845,15,10,3,2,11
846,13,8,3,2,7
847,13,8,3,2,7
848,13,8,3,2,7
849,6,3,2,1,8
850,10,7,3,0,9
851,5,1,4,0,6
852,5,1,3,1,5
853,7,2,4,1,6
854,13,8,4,1,10
855,11,7,4,0,10
856,6,2,3,1,7
857,12,8,3,1,11
858,9,4,3,2,9
859,6,2,4,0,4
860,7,1,4,2,4
861,10,8,2,0,10
862,10,8,2,0,8
863,13,10,2,1,12
864,17,14,2,1,12
865,12,8,2,2,6
866,18,14,2,2,10
867,10,6,3,1,9
868,7,5,2,0,6
869,13,11,2,0,10
870,10,7,2,1,8
871,11,9,2,0,8
872,11,9,2,0,8
873,15,13,2,0,10
874,11,8,3,0,7
875,7,4,3,0,5
876,15,12,3,0,11
877,7,4,3,0,5
878,11,8,3,0,7
879,12,8,4,0,8
880,9,5,4,0,8
881,11,7,4,0,6
882,11,7,4,0,6
883,11,8,3,0,7
884,11,8,3,0,7
885,11,8,3,0,7
886,7,4,3,0,5
887,9,6,3,0,5
888,10,5,3,2,5
889,6,4,1,1,5
890,12,10,2,0,10
891,11,8,2,1,8
892,7,4,2,1,6
893,9,5,2,2,6
894,10,7,2,1,6
895,10,7,2,1,6
896,7,4,2,1,6
897,7,4,2,1,6
898,10,7,2,1,10
899,11,8,3,0,9
900,19,16,3,0,15
901,15,12,3,0,11
902,15,12,3,0,11
903,12,8,3,1,7
904,12,8,3,1,7
905,13,9,3,1,9
906,18,14,3,1,11
907,12,8,3,1,7
908,13,9,3,1,9
909,6,2,4,0,4
910,7,2,5,0,5
911,8,3,5,0,7
912,6,2,3,1,3
913,6,2,3,1,3
914,6,2,3,1,3
915,6,1,4,1,2
916,6,1,4,1,2
917,7,4,2,1,8
918,7,3,3,1,7
919,10,6,3,1,13
920,10,6,3,1,11
921,11,7,3,1,13
922,10,6,3,1,11
923,11,6,3,2,11
924,9,5,3,1,9
925,10,8,1,1,9
926,15,13,1,1,11
927,16,11,3,2,11
928,20,13,3,4,21
929,19,13,3,3,13
930,23,17,3,3,21
931,21,16,3,2,21
932,14,9,3,2,9
933,10,4,5,1,7
934,15,9,5,1,9
935,8,4,3,1,7
936,8,4,3,1,7
937,11,7,3,1,11
938,10,6,3,1,9
939,7,3,3,1,5
940,7,3,3,1,5
941,14,10,3,1,9
942,19,16,3,0,15
943,10,6,3,1,9
944,14,10,3,1,9
945,13,9,3,1,7
946,10,7,2,1,6
947,11,8,2,1,8
948,16,13,2,1,10
949,10,7,2,1,6
950,7,4,2,1,6
951,7,4,2,1,6
952,8,5,2,1,8
953,9,6,2,1,10
954,9,6,2,1,10
955,11,8,2,1,12
956,11,8,2,1,12
957,8,5,2,1,8
958,9,5,2,2,8
959,13,10,2,1,10
960,19,16,2,1,14
961,11,8,2,1,6
962,13,9,2,2,8
963,17,11,2,4,12
964,8,4,3,1,7
965,9,5,2,2,8
966,10,6,2,2,10
967,10,6,2,2,10
968,13,9,2,2,8
969,11,8,2,1,12
970,18,15,2,1,12
971,12,8,3,1,13
972,14,11,2,1,12
973,19,16,2,1,14
974,18,15,1,2,11
975,7,4,2,1,4
976,13,10,2,1,8
977,10,6,2,2,8
978,8,4,3,1,5
979,11,8,2,1,6
980,12,9,2,1,8
981,12,6,4,2,6
982,11,5,4,2,4
983,11,5,4,2,4
984,12,5,5,2,5
985,9,6,2,1,8
986,8,5,2,1,6
987,10,6,2,2,8
988,11,6,3,2,7
989,13,8,2,3,10
990,10,6,3,1,5
991,9,6,2,1,8
992,8,5,2,1,6
993,10,6,2,2,8
994,11,6,3,2,7
995,13,8,2,3,10
996,10,6,3,1,5
997,9,6,2,1,8
998,8,5,2,1,6
999,10,6,2,2,8
1000,11,6,3,2,7
1001,13,8,2,3,10
1002,10,6,3,1,5
1003,16,8,5,3,11
1004,19,10,5,4,13
1005,19,10,5,4,13
1006,22,12,5,5,15
1007,20,10,5,5,13
1008,8,3,4,1,4
1009,9,4,4,1,6
1010,8,3,4,1,4
1011,9,4,4,1,6
1012,14,10,3,1,11
1013,14,10,3,1,9
1014,11,7,3,1,9
1015,11,7,3,1,9
1016,9,5,3,1,7
1017,11,6,3,2,7
1018,15,10,3,2,7
1019,15,10,3,2,7
1020,14,9,4,1,6
1021,14,10,3,1,7
1022,14,9,4,1,6
1023,15,9,5,1,7
1024,6,2,4,0,4
1025,6,2,4,0,4
1026,6,3,3,0,7
1027,6,3,2,1,4
1028,6,3,3,0,5
1029,10,5,4,1,4
1030,10,5,4,1,4
1031,10,5,4,1,4
1032,10,5,4,1,4
1033,11,5,5,1,5
1034,11,5,5,1,5
1035,14,10,3,1,7
1036,14,10,3,1,7
1037,10,4,5,1,3
1038,10,4,5,1,3
1039,11,5,5,1,5
1040,11,6,4,1,8
1041,16,11,4,1,10
1042,12,7,4,1,10
1043,17,12,4,1,12
1044,13,8,4,1,12
1045,18,13,4,1,14
1046,18,14,3,1,13
1047,22,16,3,3,15
1048,20,15,4,1,12
1049,17,12,4,1,10
1050,21,14,4,3,12
1051,19,13,5,1,9
1052,12,8,3,1,9
1053,19,13,3,3,17
1054,7,4,2,1,4
1055,8,4,3,1,5
1056,8,4,3,1,5
1057,8,4,3,1,5
1058,9,5,3,1,7
1059,10,6,3,1,7
1060,12,6,5,1,5
1061,11,6,3,2,7
1062,9,4,4,1,6
1063,9,4,3,2,5
1064,8,4,3,1,7
1065,8,3,4,1,4
1066,8,3,4,1,4
1067,9,4,4,1,6
1068,8,3,4,1,4
1069,16,10,4,2,10
1070,11,5,4,2,8
1071,24,21,3,0,17
1072,30,27,3,0,21
1073,26,23,3,0,21
1074,16,11,3,2,17
1075,19,13,3,3,19
1076,23,20,3,0,15
1077,11,8,3,0,7
1078,7,4,3,0,7
1079,9,4,3,2,7
1080,19,16,3,0,15
1081,10,6,4,0,10
1082,7,4,3,0,5
1083,8,4,4,0,6
1084,8,4,4,0,6
1085,10,6,4,0,10
1086,9,5,4,0,8
1087,9,5,4,0,8
1088,11,7,4,0,12
1089,11,6,5,0,7
1090,6,3,3,0,5
1091,16,12,2,2,12
1092,7,4,3,0,7
1093,8,1,5,2,1
1094,20,17,3,0,17
1095,19,16,3,0,15
1096,10,8,2,0,8
1097,10,7,3,0,13
1098,9,6,3,0,11
1099,7,5,2,0,8
1100,18,15,2,1,12
1101,8,4,2,2,6
1102,7,3,2,2,4
1103,6,3,2,1,4
1104,19,10,4,5,12
1105,12,8,2,2,6
1106,14,10,2,2,8
1107,11,7,3,1,5
1108,10,4,4,2,6
1109,7,5,2,0,10
1110,6,3,2,1,6
1111,11,9,2,0,8
1112,10,7,3,0,7
1113,6,2,3,1,3
1114,12,8,3,1,7
1115,12,8,3,1,7
1116,12,8,3,1,7
1117,18,14,3,1,9
1118,14,10,3,1,7
1119,14,9,4,1,6
1120,14,9,4,1,6
1121,14,8,5,1,5
1122,10,6,3,1,5
1123,10,4,5,1,3
1124,10,5,4,1,4
1125,10,5,4,1,4
1126,8,4,2,2,4
1127,11,8,2,1,6
1128,7,3,3,1,3
1129,7,3,3,1,3
1130,7,3,3,1,3
1131,7,3,3,1,3
1132,11,8,2,1,6
1133,11,8,2,1,6
1134,11,7,3,1,5
1135,6,3,2,1,4
1136,7,4,2,1,6
1137,12,9,2,1,8
1138,6,3,1,2,3
1139,7,4,1,2,5
1140,8,5,2,1,8
1141,9,6,2,1,10
1142,14,11,2,1,12
1143,7,4,1,2,5
1144,8,5,2,1,8
1145,8,5,2,1,8
1146,7,4,1,2,5
1147,7,4,2,1,8
1148,7,4,1,2,7
1149,6,3,2,1,6
1150,6,3,1,2,5
1151,7,3,2,2,4
1152,8,4,2,2,6
1153,8,3,3,2,3
1154,8,3,3,2,3
1155,8,5,1,2,7
1156,7,4,1,2,3
1157,10,8,1,1,9
1158,5,4,0,1,6
1159,5,3,1,1,3
1160,7,6,0,1,6
1161,8,6,0,2,6
1162,11,8,1,2,5
1163,14,11,0,3,8
1164,7,5,0,2,8
1165,7,3,0,4,4
1166,9,6,0,3,6
1167,8,5,1,2,5
1168,10,8,0,2,12
1169,11,7,0,4,8
1170,11,7,2,2,12
1171,10,7,2,1,10
1172,10,8,1,1,11
1173,9,7,1,1,7
1174,13,8,2,3,6
1175,9,7,0,2,10
1176,9,7,0,2,10
1177,16,14,0,2,10
1178,11,9,0,2,8
1179,12,9,0,3,8
1180,9,7,1,1,11
1181,14,12,1,1,13
1182,8,6,1,1,9
1183,11,7,2,2,10
1184,10,7,2,1,6
1185,10,7,1,2,5
1186,12,9,1,2,7
1187,13,10,1,2,9
1188,12,9,2,1,8
1189,13,10,2,1,10
1190,18,15,2,1,12
1191,7,4,2,1,6
1192,8,5,2,1,8
1193,13,10,2,1,10
1194,6,3,2,1,4
1195,11,6,3,2,9
1196,6,2,3,1,3
1197,11,8,2,1,6
1198,7,3,3,1,3
1199,7,4,2,1,4
1200,7,4,2,1,4
1201,11,8,2,1,6
1202,8,5,1,2,5
1203,8,5,1,2,5
1204,12,9,1,2,7
1205,12,9,1,2,7
1206,12,9,1,2,7
1207,8,5,1,2,5
1208,12,9,1,2,7
1209,8,4,2,2,4
1210,8,4,2,2,4
1211,8,4,2,2,4
1212,12,9,1,2,7
1213,8,4,2,2,4
1214,12,8,2,2,6
1215,8,4,2,2,4
1216,11,6,4,1,6
1217,8,7,1,0,13
1218,6,5,1,0,11
1219,11,10,1,0,13
1220,6,4,2,0,10
1221,6,4,1,1,7
1222,8,6,2,0,14
1223,10,7,3,0,15
1224,13,10,3,0,21
1225,7,5,1,1,9
1226,8,6,1,1,11
1227,7,5,1,1,9
1228,10,8,2,0,8
1229,12,10,1,1,9
1230,7,4,2,1,8
1231,8,3,4,1,4
1232,8,4,3,1,5
1233,8,4,3,1,5
1234,8,3,4,1,4
1235,8,4,4,0,4
1236,8,2,6,0,2
1237,10,5,4,1,6
1238,10,5,4,1,6
1239,10,4,5,1,3
1240,10,4,5,1,3
1241,12,8,3,1,9
1242,10,6,2,2,4
1243,10,6,2,2,4
1244,7,3,2,2,4
1245,7,3,3,1,5
1246,7,3,2,2,4
1247,7,3,3,1,5
1248,8,4,2,2,6
1249,7,3,3,1,5
1250,6,3,2,1,4
1251,6,3,2,1,4
1252,7,3,3,1,5
1253,11,7,3,1,5
1254,11,9,1,1,9
1255,5,3,1,1,7
1256,5,3,1,1,7
